API Code,Time of Call
A9,2025-02-01 07:21:00
A9,2025-02-01 08:13:00
A9,2025-02-01 08:31:00
A9,2025-02-01 08:40:00
A9,2025-02-01 09:30:00
A9,2025-02-01 11:00:00
A9,2025-02-01 12:49:00
A9,2025-02-01 13:15:00
A9,2025-02-01 13:37:00
A9,2025-02-01 20:49:00
A9,2025-02-01 22:30:00
A9,2025-02-01 23:04:00
A9,2025-02-02 00:14:00
A9,2025-02-02 00:30:00
A9,2025-02-02 01:21:00
A9,2025-02-02 07:58:00
A9,2025-02-02 11:06:00
A9,2025-02-02 12:24:00
A9,2025-02-02 12:36:00
A9,2025-02-02 14:12:00
A9,2025-02-02 15:23:00
A9,2025-02-02 15:24:00
A9,2025-02-02 16:09:00
A9,2025-02-02 18:03:00
A9,2025-02-02 19:07:00
A9,2025-02-02 20:33:00
A9,2025-02-02 21:46:00
A9,2025-02-02 23:59:00
A9,2025-02-03 03:38:00
A9,2025-02-03 04:35:00
A9,2025-02-03 08:01:00
A9,2025-02-03 09:59:00
A9,2025-02-03 12:12:00
A9,2025-02-03 18:08:00
A9,2025-02-03 18:43:00
A9,2025-02-03 18:59:00
A9,2025-02-03 21:48:00
A9,2025-02-03 23:53:00
A9,2025-02-04 02:06:00
A9,2025-02-04 02:41:00
A9,2025-02-04 05:33:00
A9,2025-02-04 06:21:00
A9,2025-02-04 06:32:00
A9,2025-02-04 07:33:00
A9,2025-02-04 10:36:00
A9,2025-02-04 11:47:00
A9,2025-02-04 12:04:00
A9,2025-02-04 14:48:00
A9,2025-02-04 15:18:00
A9,2025-02-04 16:16:00
A9,2025-02-04 20:34:00
A9,2025-02-04 21:06:00
A9,2025-02-04 22:12:00
A9,2025-02-05 01:27:00
A9,2025-02-05 02:18:00
A9,2025-02-05 04:53:00
A9,2025-02-05 06:08:00
A9,2025-02-05 07:19:00
A9,2025-02-05 08:58:00
A9,2025-02-05 13:12:00
A9,2025-02-05 23:24:00
A9,2025-02-06 00:00:00
A9,2025-02-06 00:21:00
A9,2025-02-06 03:18:00
A9,2025-02-06 05:07:00
A9,2025-02-06 05:55:00
A9,2025-02-06 08:18:00
A9,2025-02-06 08:44:00
A9,2025-02-06 08:59:00
A9,2025-02-06 09:23:00
A9,2025-02-06 15:14:00
A9,2025-02-06 18:44:00
A9,2025-02-06 21:51:00
A9,2025-02-06 23:29:00
A9,2025-02-07 00:30:00
A9,2025-02-07 03:31:00
A9,2025-02-07 10:09:00
A9,2025-02-07 14:51:00
A9,2025-02-07 15:55:00
A9,2025-02-07 19:06:00
A9,2025-02-07 20:08:00
A9,2025-02-07 20:49:00
A9,2025-02-07 23:38:00
A9,2025-02-08 00:15:00
A9,2025-02-08 00:24:00
A9,2025-02-08 00:52:00
A9,2025-02-08 01:21:00
A9,2025-02-08 03:41:00
A9,2025-02-08 04:36:00
A9,2025-02-08 05:28:00
A9,2025-02-08 08:34:00
A9,2025-02-08 09:25:00
A9,2025-02-08 10:22:00
A9,2025-02-08 11:08:00
A9,2025-02-08 11:54:00
A9,2025-02-08 13:14:00
A9,2025-02-08 14:46:00
A9,2025-02-08 15:25:00
A9,2025-02-08 16:04:00
A9,2025-02-08 17:16:00
A9,2025-02-08 19:41:00
A9,2025-02-08 20:25:00
A9,2025-02-08 23:31:00
A9,2025-02-08 23:50:00
A9,2025-02-09 01:43:00
A9,2025-02-09 04:06:00
A9,2025-02-09 05:54:00
A9,2025-02-09 08:12:00
A9,2025-02-09 08:44:00
A9,2025-02-09 10:28:00
A9,2025-02-09 10:57:00
A9,2025-02-09 11:01:00
A9,2025-02-09 11:27:00
A9,2025-02-09 11:45:00
A9,2025-02-09 11:56:00
A9,2025-02-09 15:18:00
A9,2025-02-09 16:23:00
A9,2025-02-09 18:08:00
A9,2025-02-09 18:16:00
A9,2025-02-09 20:18:00
A9,2025-02-09 21:23:00
A9,2025-02-09 21:30:00
A9,2025-02-09 22:40:00
A9,2025-02-10 00:15:00
A9,2025-02-10 00:36:00
A9,2025-02-10 01:26:00
A9,2025-02-10 01:33:00
A9,2025-02-10 03:42:00
A9,2025-02-10 05:59:00
A9,2025-02-10 06:14:00
A9,2025-02-10 06:26:00
A9,2025-02-10 07:03:00
A9,2025-02-10 07:22:00
A9,2025-02-10 09:40:00
A9,2025-02-10 10:12:00
A9,2025-02-10 11:36:00
A9,2025-02-10 11:52:00
A9,2025-02-10 12:31:00
A9,2025-02-10 14:22:00
A9,2025-02-10 14:58:00
A9,2025-02-10 15:50:00
A9,2025-02-10 17:04:00
A9,2025-02-10 19:52:00
A9,2025-02-10 20:00:00
A9,2025-02-10 20:48:00
A9,2025-02-11 00:35:00
A9,2025-02-11 00:56:00
A9,2025-02-11 02:16:00
A9,2025-02-11 03:14:00
A9,2025-02-11 03:20:00
A9,2025-02-11 04:12:00
A9,2025-02-11 05:56:00
A9,2025-02-11 07:12:00
A9,2025-02-11 08:31:00
A9,2025-02-11 09:16:00
A9,2025-02-11 09:42:00
A9,2025-02-11 14:36:00
A9,2025-02-11 16:09:00
A9,2025-02-11 18:17:00
A9,2025-02-11 19:36:00
A9,2025-02-11 20:24:00
A9,2025-02-11 20:49:00
A9,2025-02-11 20:54:00
A9,2025-02-11 21:05:00
A9,2025-02-11 22:44:00
A9,2025-02-12 00:32:00
A9,2025-02-12 02:45:00
A9,2025-02-12 02:54:00
A9,2025-02-12 04:55:00
A9,2025-02-12 05:29:00
A9,2025-02-12 06:30:00
A9,2025-02-12 09:25:00
A9,2025-02-12 11:26:00
A9,2025-02-12 11:49:00
A9,2025-02-12 12:16:00
A9,2025-02-12 15:45:00
A9,2025-02-12 16:00:00
A9,2025-02-12 19:12:00
A9,2025-02-12 19:51:00
A9,2025-02-12 21:13:00
A9,2025-02-12 21:19:00
A9,2025-02-12 22:59:00
A9,2025-02-13 00:40:00
A9,2025-02-13 02:33:00
A9,2025-02-13 04:00:00
A9,2025-02-13 05:12:00
A9,2025-02-13 07:59:00
A9,2025-02-13 09:16:00
A9,2025-02-13 11:55:00
A9,2025-02-13 12:05:00
A9,2025-02-13 13:48:00
A9,2025-02-13 14:05:00
A9,2025-02-13 14:07:00
A9,2025-02-13 15:03:00
A9,2025-02-13 15:07:00
A9,2025-02-13 16:16:00
A9,2025-02-13 16:43:00
A9,2025-02-13 17:34:00
A9,2025-02-13 18:06:00
A9,2025-02-13 18:34:00
A9,2025-02-13 23:22:00
A9,2025-02-14 00:16:00
A9,2025-02-14 00:31:00
A9,2025-02-14 02:13:00
A9,2025-02-14 03:22:00
A9,2025-02-14 04:33:00
A9,2025-02-14 06:46:00
A9,2025-02-14 07:17:00
A9,2025-02-14 10:04:00
A9,2025-02-14 10:35:00
A9,2025-02-14 11:18:00
A9,2025-02-14 12:34:00
A9,2025-02-14 18:31:00
A9,2025-02-14 19:13:00
A9,2025-02-14 21:24:00
A9,2025-02-14 21:56:00
A9,2025-02-14 22:52:00
A9,2025-02-15 01:47:00
A9,2025-02-15 08:51:00
A9,2025-02-15 09:32:00
A9,2025-02-15 09:52:00
A9,2025-02-15 10:38:00
A9,2025-02-15 10:43:00
A9,2025-02-15 11:56:00
A9,2025-02-15 12:55:00
A9,2025-02-15 13:33:00
A9,2025-02-15 14:42:00
A9,2025-02-15 15:59:00
A9,2025-02-15 21:04:00
A9,2025-02-15 23:21:00
A9,2025-02-15 23:41:00
A9,2025-02-16 01:09:00
A9,2025-02-16 01:28:00
A9,2025-02-16 01:51:00
A9,2025-02-16 06:53:00
A9,2025-02-16 09:57:00
A9,2025-02-16 10:35:00
A9,2025-02-16 10:37:00
A9,2025-02-16 13:05:00
A9,2025-02-16 16:37:00
A9,2025-02-16 17:51:00
A9,2025-02-16 22:04:00
A9,2025-02-16 22:41:00
A9,2025-02-17 01:46:00
A9,2025-02-17 02:03:00
A9,2025-02-17 05:04:00
A9,2025-02-17 05:11:00
A9,2025-02-17 06:11:00
A9,2025-02-17 08:16:00
A9,2025-02-17 09:28:00
A9,2025-02-17 10:19:00
A9,2025-02-17 10:56:00
A9,2025-02-17 11:49:00
A9,2025-02-17 13:27:00
A9,2025-02-17 23:11:00
A9,2025-02-18 00:51:00
A9,2025-02-18 02:15:00
A9,2025-02-18 03:31:00
A9,2025-02-18 04:51:00
A9,2025-02-18 09:41:00
A9,2025-02-18 11:30:00
A9,2025-02-18 14:31:00
A9,2025-02-18 16:41:00
A9,2025-02-18 20:08:00
A9,2025-02-18 21:42:00
A9,2025-02-19 00:22:00
A9,2025-02-19 02:33:00
A9,2025-02-19 05:16:00
A9,2025-02-19 07:50:00
A9,2025-02-19 08:31:00
A9,2025-02-19 09:51:00
A9,2025-02-19 09:58:00
A9,2025-02-19 10:59:00
A9,2025-02-19 11:49:00
A9,2025-02-19 12:53:00
A9,2025-02-19 14:13:00
A9,2025-02-19 15:46:00
A9,2025-02-19 18:26:00
A9,2025-02-19 20:08:00
A9,2025-02-19 21:46:00
A9,2025-02-19 22:56:00
A9,2025-02-19 23:00:00
A9,2025-02-20 00:02:00
A9,2025-02-20 03:26:00
A9,2025-02-20 04:16:00
A9,2025-02-20 05:18:00
A9,2025-02-20 06:40:00
A9,2025-02-20 07:33:00
A9,2025-02-20 12:11:00
A9,2025-02-20 12:31:00
A9,2025-02-20 16:01:00
A9,2025-02-20 19:00:00
A9,2025-02-20 19:24:00
A9,2025-02-20 19:46:00
A9,2025-02-21 00:19:00
A9,2025-02-21 04:00:00
A9,2025-02-21 04:24:00
A9,2025-02-21 05:52:00
A9,2025-02-21 08:28:00
A9,2025-02-21 13:55:00
A9,2025-02-21 14:50:00
A9,2025-02-21 15:09:00
A9,2025-02-21 16:06:00
A9,2025-02-21 16:33:00
A9,2025-02-21 16:45:00
A9,2025-02-21 17:20:00
A9,2025-02-21 18:21:00
A9,2025-02-21 19:03:00
A9,2025-02-21 19:12:00
A9,2025-02-21 22:07:00
A9,2025-02-22 00:04:00
A9,2025-02-22 00:45:00
A9,2025-02-22 02:47:00
A9,2025-02-22 03:17:00
A9,2025-02-22 03:50:00
A9,2025-02-22 03:57:00
A9,2025-02-22 06:19:00
A9,2025-02-22 07:15:00
A9,2025-02-22 08:23:00
A9,2025-02-22 08:39:00
A9,2025-02-22 13:25:00
A9,2025-02-22 13:40:00
A9,2025-02-22 13:52:00
A9,2025-02-22 16:57:00
A9,2025-02-22 17:49:00
A9,2025-02-22 21:04:00
A9,2025-02-22 21:43:00
A9,2025-02-23 00:38:00
A9,2025-02-23 00:45:00
A9,2025-02-23 05:24:00
A9,2025-02-23 11:03:00
A9,2025-02-23 11:57:00
A9,2025-02-23 14:42:00
A9,2025-02-23 16:54:00
A9,2025-02-23 17:12:00
A9,2025-02-23 20:36:00
A9,2025-02-23 22:08:00
A9,2025-02-23 22:37:00
A9,2025-02-23 23:01:00
A9,2025-02-23 23:05:00
A9,2025-02-24 00:35:00
A9,2025-02-24 01:38:00
A9,2025-02-24 02:14:00
A9,2025-02-24 06:37:00
A9,2025-02-24 07:51:00
A9,2025-02-24 08:38:00
A9,2025-02-24 11:24:00
A9,2025-02-24 13:07:00
A9,2025-02-24 16:05:00
A9,2025-02-24 17:52:00
A9,2025-02-24 19:02:00
A9,2025-02-24 20:07:00
A9,2025-02-24 20:28:00
A9,2025-02-24 20:53:00
A9,2025-02-24 22:55:00
A9,2025-02-24 23:06:00
A9,2025-02-24 23:58:00
A9,2025-02-25 00:21:00
A9,2025-02-25 01:15:00
A9,2025-02-25 03:07:00
A9,2025-02-25 06:18:00
A9,2025-02-25 08:11:00
A9,2025-02-25 09:31:00
A9,2025-02-25 10:25:00
A9,2025-02-25 11:56:00
A9,2025-02-25 12:08:00
A9,2025-02-25 13:52:00
A9,2025-02-25 15:36:00
A9,2025-02-25 18:13:00
A9,2025-02-25 23:22:00
A9,2025-02-26 02:26:00
A9,2025-02-26 06:14:00
A9,2025-02-26 10:33:00
A9,2025-02-26 11:44:00
A9,2025-02-26 11:48:00
A9,2025-02-26 13:47:00
A9,2025-02-26 15:29:00
A9,2025-02-26 17:28:00
A9,2025-02-26 19:32:00
A9,2025-02-26 22:19:00
A9,2025-02-26 23:15:00
A9,2025-02-26 23:18:00
A9,2025-02-27 01:07:00
A9,2025-02-27 01:51:00
A9,2025-02-27 07:06:00
A9,2025-02-27 10:26:00
A9,2025-02-27 13:10:00
A9,2025-02-27 13:33:00
A9,2025-02-27 13:38:00
A9,2025-02-27 15:03:00
A9,2025-02-27 15:23:00
A9,2025-02-27 15:34:00
A9,2025-02-27 17:59:00
A9,2025-02-27 19:29:00
A9,2025-02-27 19:45:00
A9,2025-02-27 20:28:00
A9,2025-02-27 23:45:00
A9,2025-02-28 00:33:00
A9,2025-02-28 00:45:00
A9,2025-02-28 05:57:00
A9,2025-02-28 07:17:00
A9,2025-02-28 07:34:00
A9,2025-02-28 10:10:00
A9,2025-02-28 10:47:00
A9,2025-02-28 15:27:00
A9,2025-02-28 20:15:00
A9,2025-03-01 01:10:00
A9,2025-03-01 02:25:00
A9,2025-03-01 02:30:00
A9,2025-03-01 06:12:00
A9,2025-03-01 06:27:00
A9,2025-03-01 06:35:00
A9,2025-03-01 07:41:00
A9,2025-03-01 08:19:00
A9,2025-03-01 10:55:00
A9,2025-03-01 13:09:00
A9,2025-03-01 14:03:00
A9,2025-03-01 14:59:00
A9,2025-03-01 15:59:00
A9,2025-03-01 19:17:00
A9,2025-03-01 20:28:00
A9,2025-03-01 21:14:00
A9,2025-03-01 21:47:00
A9,2025-03-01 22:14:00
A9,2025-03-01 22:24:00
A9,2025-03-01 23:39:00
A9,2025-03-02 00:19:00
A9,2025-03-02 01:20:00
A9,2025-03-02 03:55:00
A9,2025-03-02 06:00:00
A9,2025-03-02 06:38:00
A9,2025-03-02 09:03:00
A9,2025-03-02 09:41:00
A9,2025-03-02 09:43:00
A9,2025-03-02 11:18:00
A9,2025-03-02 12:08:00
A9,2025-03-02 13:53:00
A9,2025-03-02 17:32:00
A9,2025-03-02 20:04:00
A9,2025-03-02 20:46:00
A9,2025-03-02 20:59:00
A9,2025-03-02 21:12:00
A9,2025-03-02 22:14:00
A9,2025-03-02 22:20:00
A9,2025-03-02 22:36:00
A9,2025-03-02 23:41:00
A9,2025-03-03 08:01:00
A9,2025-03-03 09:25:00
A9,2025-03-03 10:10:00
A9,2025-03-03 11:21:00
A9,2025-03-03 12:17:00
A9,2025-03-03 12:28:00
A9,2025-03-03 17:23:00
A9,2025-03-03 18:35:00
A9,2025-03-03 19:00:00
A9,2025-03-03 21:22:00
A9,2025-03-03 22:04:00
A9,2025-03-03 22:27:00
A9,2025-03-04 02:51:00
A9,2025-03-04 04:51:00
A9,2025-03-04 09:25:00
A9,2025-03-04 10:08:00
A9,2025-03-04 11:21:00
A9,2025-03-04 13:00:00
A9,2025-03-04 14:56:00
A9,2025-03-04 16:51:00
A9,2025-03-04 21:34:00
A9,2025-03-04 22:53:00
A9,2025-03-05 01:01:00
A9,2025-03-05 02:26:00
A9,2025-03-05 03:42:00
A9,2025-03-05 05:12:00
A9,2025-03-05 08:23:00
A9,2025-03-05 08:59:00
A9,2025-03-05 09:10:00
A9,2025-03-05 11:30:00
A9,2025-03-05 11:49:00
A9,2025-03-05 13:13:00
A9,2025-03-05 13:37:00
A9,2025-03-05 16:10:00
A9,2025-03-05 17:17:00
A9,2025-03-05 17:52:00
A9,2025-03-05 23:13:00
A9,2025-03-06 03:19:00
A9,2025-03-06 03:20:00
A9,2025-03-06 04:11:00
A9,2025-03-06 05:04:00
A9,2025-03-06 06:03:00
A9,2025-03-06 07:49:00
A9,2025-03-06 08:21:00
A9,2025-03-06 08:51:00
A9,2025-03-06 09:16:00
A9,2025-03-06 09:54:00
A9,2025-03-06 14:12:00
A9,2025-03-06 15:02:00
A9,2025-03-06 15:24:00
A9,2025-03-06 17:46:00
A9,2025-03-06 21:24:00
A9,2025-03-06 21:59:00
A9,2025-03-06 22:20:00
A9,2025-03-06 22:58:00
A9,2025-03-07 00:37:00
A9,2025-03-07 01:14:00
A9,2025-03-07 02:22:00
A9,2025-03-07 02:33:00
A9,2025-03-07 04:28:00
A9,2025-03-07 06:41:00
A9,2025-03-07 09:01:00
A9,2025-03-07 09:59:00
A9,2025-03-07 10:20:00
A9,2025-03-07 14:17:00
A9,2025-03-07 15:34:00
A9,2025-03-07 16:06:00
A9,2025-03-07 17:39:00
A9,2025-03-07 21:13:00
A9,2025-03-08 00:03:00
A9,2025-03-08 00:41:00
A9,2025-03-08 00:49:00
A9,2025-03-08 04:42:00
A9,2025-03-08 05:12:00
A9,2025-03-08 05:21:00
A9,2025-03-08 05:55:00
A9,2025-03-08 08:08:00
A9,2025-03-08 09:16:00
A9,2025-03-08 13:47:00
A9,2025-03-08 14:04:00
A9,2025-03-08 14:42:00
A9,2025-03-08 15:34:00
A9,2025-03-08 16:46:00
A9,2025-03-08 17:14:00
A9,2025-03-08 17:36:00
A9,2025-03-08 20:47:00
A9,2025-03-08 20:50:00
A9,2025-03-09 01:35:00
A9,2025-03-09 01:55:00
A9,2025-03-09 03:35:00
A9,2025-03-09 03:55:00
A9,2025-03-09 04:45:00
A9,2025-03-09 05:02:00
A9,2025-03-09 07:51:00
A9,2025-03-09 12:42:00
A9,2025-03-09 13:52:00
A9,2025-03-09 17:49:00
A9,2025-03-09 19:18:00
A9,2025-03-09 19:51:00
A9,2025-03-09 23:36:00
A9,2025-03-09 23:55:00
A9,2025-03-09 23:59:00
A9,2025-03-10 00:41:00
A9,2025-03-10 01:20:00
A9,2025-03-10 04:53:00
A9,2025-03-10 08:34:00
A9,2025-03-10 09:43:00
A9,2025-03-10 10:52:00
A9,2025-03-10 11:19:00
A9,2025-03-10 11:56:00
A9,2025-03-10 12:42:00
A9,2025-03-10 15:35:00
A9,2025-03-10 21:38:00
A9,2025-03-10 23:51:00
A9,2025-03-11 03:37:00
A9,2025-03-11 03:52:00
A9,2025-03-11 05:04:00
A9,2025-03-11 09:46:00
A9,2025-03-11 09:53:00
A9,2025-03-11 10:58:00
A9,2025-03-11 12:49:00
A9,2025-03-11 12:59:00
A9,2025-03-11 17:32:00
A9,2025-03-11 18:38:00
A9,2025-03-11 19:33:00
A9,2025-03-11 19:43:00
A9,2025-03-12 01:44:00
A9,2025-03-12 04:46:00
A9,2025-03-12 05:15:00
A9,2025-03-12 05:57:00
A9,2025-03-12 07:18:00
A9,2025-03-12 10:18:00
A9,2025-03-12 12:11:00
A9,2025-03-12 13:41:00
A9,2025-03-12 14:20:00
A9,2025-03-12 17:26:00
A9,2025-03-12 17:57:00
A9,2025-03-12 19:51:00
A9,2025-03-12 22:46:00
A9,2025-03-12 23:07:00
A9,2025-03-13 00:35:00
A9,2025-03-13 01:03:00
A9,2025-03-13 01:16:00
A9,2025-03-13 03:38:00
A9,2025-03-13 04:11:00
A9,2025-03-13 04:45:00
A9,2025-03-13 08:06:00
A9,2025-03-13 09:52:00
A9,2025-03-13 10:11:00
A9,2025-03-13 11:32:00
A9,2025-03-13 11:50:00
A9,2025-03-13 17:36:00
A9,2025-03-13 18:00:00
A9,2025-03-13 21:36:00
A9,2025-03-13 22:24:00
A9,2025-03-14 03:45:00
A9,2025-03-14 07:42:00
A9,2025-03-14 09:46:00
A9,2025-03-14 11:24:00
A9,2025-03-14 12:40:00
A9,2025-03-14 14:23:00
A9,2025-03-14 15:19:00
A9,2025-03-14 16:04:00
A9,2025-03-14 16:15:00
A9,2025-03-14 19:55:00
A9,2025-03-14 21:26:00
A9,2025-03-14 23:39:00
A9,2025-03-15 03:27:00
A9,2025-03-15 04:13:00
A9,2025-03-15 05:23:00
A9,2025-03-15 07:32:00
A9,2025-03-15 08:35:00
A9,2025-03-15 11:00:00
A9,2025-03-15 12:31:00
A9,2025-03-15 12:42:00
A9,2025-03-15 13:05:00
A9,2025-03-15 13:10:00
A9,2025-03-15 15:04:00
A9,2025-03-15 15:30:00
A9,2025-03-15 15:33:00
A9,2025-03-15 16:08:00
A9,2025-03-15 19:58:00
A9,2025-03-15 21:06:00
A9,2025-03-15 21:30:00
A9,2025-03-15 22:24:00
A9,2025-03-16 00:25:00
A9,2025-03-16 02:23:00
A9,2025-03-16 02:51:00
A9,2025-03-16 03:48:00
A9,2025-03-16 04:32:00
A9,2025-03-16 06:42:00
A9,2025-03-16 09:23:00
A9,2025-03-16 09:53:00
A9,2025-03-16 10:07:00
A9,2025-03-16 12:47:00
A9,2025-03-16 13:23:00
A9,2025-03-16 15:28:00
A9,2025-03-16 18:54:00
A9,2025-03-16 19:05:00
A9,2025-03-16 19:29:00
A9,2025-03-16 21:12:00
A9,2025-03-17 01:17:00
A9,2025-03-17 01:48:00
A9,2025-03-17 03:34:00
A9,2025-03-17 03:38:00
A9,2025-03-17 03:42:00
A9,2025-03-17 04:02:00
A9,2025-03-17 04:48:00
A9,2025-03-17 05:35:00
A9,2025-03-17 06:12:00
A9,2025-03-17 08:05:00
A9,2025-03-17 08:48:00
A9,2025-03-17 09:50:00
A9,2025-03-17 10:31:00
A9,2025-03-17 11:29:00
A9,2025-03-17 11:50:00
A9,2025-03-17 12:22:00
A9,2025-03-17 13:19:00
A9,2025-03-17 16:13:00
A9,2025-03-17 17:57:00
A9,2025-03-17 18:44:00
A9,2025-03-17 19:37:00
A9,2025-03-17 20:37:00
A9,2025-03-17 21:49:00
A9,2025-03-17 22:14:00
A9,2025-03-17 23:10:00
A9,2025-03-17 23:56:00
A9,2025-03-18 01:16:00
A9,2025-03-18 01:49:00
A9,2025-03-18 02:18:00
A9,2025-03-18 03:36:00
A9,2025-03-18 04:32:00
A9,2025-03-18 04:51:00
A9,2025-03-18 05:13:00
A9,2025-03-18 08:16:00
A9,2025-03-18 10:37:00
A9,2025-03-18 11:53:00
A9,2025-03-18 14:17:00
A9,2025-03-18 15:14:00
A9,2025-03-18 15:19:00
A9,2025-03-18 15:26:00
A9,2025-03-18 15:43:00
A9,2025-03-18 15:51:00
A9,2025-03-18 16:14:00
A9,2025-03-18 16:17:00
A9,2025-03-18 17:10:00
A9,2025-03-18 20:53:00
A9,2025-03-18 21:07:00
A9,2025-03-18 21:25:00
A9,2025-03-18 21:59:00
A9,2025-03-18 22:08:00
A9,2025-03-18 22:28:00
A9,2025-03-18 23:29:00
A9,2025-03-19 02:03:00
A9,2025-03-19 02:36:00
A9,2025-03-19 02:47:00
A9,2025-03-19 03:26:00
A9,2025-03-19 03:42:00
A9,2025-03-19 03:53:00
A9,2025-03-19 04:43:00
A9,2025-03-19 04:54:00
A9,2025-03-19 04:57:00
A9,2025-03-19 05:56:00
A9,2025-03-19 09:37:00
A9,2025-03-19 10:48:00
A9,2025-03-19 13:52:00
A9,2025-03-19 15:12:00
A9,2025-03-19 15:15:00
A9,2025-03-19 16:41:00
A9,2025-03-19 17:01:00
A9,2025-03-19 18:28:00
A9,2025-03-19 20:34:00
A9,2025-03-19 22:18:00
A9,2025-03-19 23:03:00
A9,2025-03-20 00:33:00
A9,2025-03-20 02:21:00
A9,2025-03-20 03:35:00
A9,2025-03-20 06:55:00
A9,2025-03-20 08:35:00
A9,2025-03-20 10:07:00
A9,2025-03-20 10:52:00
A9,2025-03-20 12:30:00
A9,2025-03-20 13:29:00
A9,2025-03-20 16:25:00
A9,2025-03-20 17:18:00
A9,2025-03-20 17:26:00
A9,2025-03-20 18:32:00
A9,2025-03-20 19:52:00
A9,2025-03-20 22:46:00
A9,2025-03-21 00:09:00
A9,2025-03-21 00:16:00
A9,2025-03-21 01:47:00
A9,2025-03-21 02:07:00
A9,2025-03-21 05:52:00
A9,2025-03-21 10:50:00
A9,2025-03-21 13:01:00
A9,2025-03-21 14:29:00
A9,2025-03-21 14:32:00
A9,2025-03-21 15:15:00
A9,2025-03-21 16:23:00
A9,2025-03-21 16:28:00
A9,2025-03-21 18:48:00
A9,2025-03-21 19:58:00
A9,2025-03-21 20:17:00
A9,2025-03-21 20:59:00
A9,2025-03-21 21:14:00
A9,2025-03-21 21:34:00
A9,2025-03-21 21:39:00
A9,2025-03-21 21:46:00
A9,2025-03-22 00:00:00
A9,2025-03-22 00:56:00
A9,2025-03-22 01:26:00
A9,2025-03-22 02:57:00
A9,2025-03-22 03:35:00
A9,2025-03-22 05:20:00
A9,2025-03-22 06:25:00
A9,2025-03-22 08:53:00
A9,2025-03-22 08:58:00
A9,2025-03-22 11:24:00
A9,2025-03-22 12:30:00
A9,2025-03-22 12:47:00
A9,2025-03-22 16:04:00
A9,2025-03-22 17:16:00
A9,2025-03-22 17:27:00
A9,2025-03-22 19:00:00
A9,2025-03-22 23:01:00
A9,2025-03-23 00:56:00
A9,2025-03-23 01:56:00
A9,2025-03-23 02:06:00
A9,2025-03-23 03:41:00
A9,2025-03-23 05:00:00
A9,2025-03-23 06:10:00
A9,2025-03-23 09:36:00
A9,2025-03-23 10:25:00
A9,2025-03-23 10:43:00
A9,2025-03-23 12:55:00
A9,2025-03-23 14:50:00
A9,2025-03-23 14:54:00
A9,2025-03-23 15:13:00
A9,2025-03-23 16:15:00
A9,2025-03-23 16:29:00
A9,2025-03-23 16:52:00
A9,2025-03-23 17:07:00
A9,2025-03-23 18:11:00
A9,2025-03-23 21:50:00
A9,2025-03-23 23:05:00
A9,2025-03-23 23:55:00
A9,2025-03-24 01:44:00
A9,2025-03-24 04:30:00
A9,2025-03-24 04:42:00
A9,2025-03-24 06:06:00
A9,2025-03-24 13:24:00
A9,2025-03-24 13:34:00
A9,2025-03-24 16:15:00
A9,2025-03-24 19:14:00
A9,2025-03-24 22:10:00
A9,2025-03-25 00:27:00
A9,2025-03-25 01:41:00
A9,2025-03-25 04:13:00
A9,2025-03-25 05:51:00
A9,2025-03-25 06:26:00
A9,2025-03-25 07:16:00
A9,2025-03-25 08:27:00
A9,2025-03-25 08:34:00
A9,2025-03-25 09:32:00
A9,2025-03-25 12:09:00
A9,2025-03-25 12:47:00
A9,2025-03-25 14:11:00
A9,2025-03-25 16:14:00
A9,2025-03-25 16:47:00
A9,2025-03-25 17:46:00
A9,2025-03-25 19:22:00
A9,2025-03-25 19:39:00
A9,2025-03-25 19:52:00
A9,2025-03-25 20:33:00
A9,2025-03-25 21:21:00
A9,2025-03-25 21:26:00
A9,2025-03-26 00:19:00
A9,2025-03-26 01:01:00
A9,2025-03-26 04:22:00
A9,2025-03-26 05:21:00
A9,2025-03-26 07:18:00
A9,2025-03-26 08:06:00
A9,2025-03-26 09:59:00
A9,2025-03-26 11:18:00
A9,2025-03-26 11:33:00
A9,2025-03-26 12:41:00
A9,2025-03-26 17:34:00
A9,2025-03-26 18:03:00
A9,2025-03-26 20:28:00
A9,2025-03-27 00:48:00
A9,2025-03-27 02:55:00
A9,2025-03-27 04:45:00
A9,2025-03-27 05:52:00
A9,2025-03-27 07:36:00
A9,2025-03-27 07:48:00
A9,2025-03-27 07:49:00
A9,2025-03-27 09:11:00
A9,2025-03-27 09:22:00
A9,2025-03-27 10:08:00
A9,2025-03-27 10:09:00
A9,2025-03-27 11:37:00
A9,2025-03-27 12:52:00
A9,2025-03-27 13:53:00
A9,2025-03-27 14:51:00
A9,2025-03-27 15:15:00
A9,2025-03-27 16:44:00
A9,2025-03-27 21:49:00
A9,2025-03-27 22:46:00
A9,2025-03-28 00:48:00
A9,2025-03-28 01:01:00
A9,2025-03-28 01:10:00
A9,2025-03-28 01:42:00
A9,2025-03-28 02:13:00
A9,2025-03-28 03:40:00
A9,2025-03-28 11:04:00
A9,2025-03-28 11:51:00
A9,2025-03-28 13:20:00
A9,2025-03-28 13:38:00
A9,2025-03-28 13:44:00
A9,2025-03-28 14:30:00
A9,2025-03-28 14:33:00
A9,2025-03-28 17:35:00
A9,2025-03-28 20:06:00
A9,2025-03-28 21:31:00
A9,2025-03-28 23:30:00
A9,2025-03-29 03:02:00
A9,2025-03-29 03:25:00
A9,2025-03-29 05:30:00
A9,2025-03-29 07:31:00
A9,2025-03-29 10:23:00
A9,2025-03-29 14:28:00
A9,2025-03-29 15:18:00
A9,2025-03-29 15:39:00
A9,2025-03-29 16:20:00
A9,2025-03-29 17:09:00
A9,2025-03-29 20:39:00
A9,2025-03-29 20:46:00
A9,2025-03-29 21:13:00
A9,2025-03-29 22:03:00
A9,2025-03-29 22:05:00
A9,2025-03-29 22:53:00
A9,2025-03-29 23:56:00
A9,2025-03-30 00:01:00
A9,2025-03-30 00:23:00
A9,2025-03-30 01:48:00
A9,2025-03-30 07:19:00
A9,2025-03-30 08:02:00
A9,2025-03-30 09:46:00
A9,2025-03-30 10:42:00
A9,2025-03-30 10:58:00
A9,2025-03-30 13:42:00
A9,2025-03-30 14:02:00
A9,2025-03-30 14:03:00
A9,2025-03-30 16:32:00
A9,2025-03-30 17:10:00
A9,2025-03-30 18:32:00
A9,2025-03-30 22:38:00
A9,2025-03-30 22:44:00
A9,2025-03-30 23:14:00
A9,2025-03-31 02:49:00
A9,2025-03-31 04:50:00
A9,2025-03-31 06:19:00
A9,2025-03-31 06:46:00
A9,2025-03-31 06:47:00
A9,2025-03-31 09:51:00
A9,2025-03-31 11:13:00
A9,2025-03-31 12:00:00
A9,2025-03-31 14:20:00
A9,2025-03-31 14:38:00
A9,2025-03-31 17:52:00
A9,2025-03-31 18:38:00
A9,2025-03-31 21:26:00
A9,2025-03-31 22:37:00
A9,2025-04-01 00:31:00
A9,2025-04-01 03:38:00
A9,2025-04-01 07:35:00
A9,2025-04-01 08:55:00
A9,2025-04-01 17:06:00
A9,2025-04-01 18:04:00
A9,2025-04-01 18:22:00
A9,2025-04-01 19:39:00
A9,2025-04-01 22:43:00
A9,2025-04-02 00:37:00
A9,2025-04-02 02:27:00
A9,2025-04-02 04:39:00
A9,2025-04-02 06:49:00
A9,2025-04-02 07:41:00
A9,2025-04-02 09:18:00
A9,2025-04-02 10:49:00
A9,2025-04-02 12:17:00
A9,2025-04-02 14:01:00
A9,2025-04-02 15:46:00
A9,2025-04-02 16:19:00
A9,2025-04-02 17:43:00
A9,2025-04-02 23:28:00
A9,2025-04-03 02:36:00
A9,2025-04-03 03:04:00
A9,2025-04-03 03:53:00
A9,2025-04-03 05:10:00
A9,2025-04-03 06:13:00
A9,2025-04-03 08:12:00
A9,2025-04-03 08:34:00
A9,2025-04-03 09:37:00
A9,2025-04-03 11:34:00
A9,2025-04-03 12:01:00
A9,2025-04-03 13:41:00
A9,2025-04-03 14:29:00
A9,2025-04-03 14:58:00
A9,2025-04-03 15:32:00
A9,2025-04-03 16:35:00
A9,2025-04-03 17:39:00
A9,2025-04-03 19:26:00
A9,2025-04-03 21:08:00
A9,2025-04-03 21:58:00
A9,2025-04-03 22:12:00
A9,2025-04-04 00:45:00
A9,2025-04-04 02:01:00
A9,2025-04-04 03:55:00
A9,2025-04-04 04:55:00
A9,2025-04-04 05:15:00
A9,2025-04-04 05:56:00
A9,2025-04-04 06:16:00
A9,2025-04-04 06:31:00
A9,2025-04-04 07:55:00
A9,2025-04-04 13:18:00
A9,2025-04-04 13:56:00
A9,2025-04-04 15:52:00
A9,2025-04-04 18:00:00
A9,2025-04-04 19:31:00
A9,2025-04-04 22:11:00
A9,2025-04-04 23:10:00
A9,2025-04-04 23:59:00
A9,2025-04-05 02:41:00
A9,2025-04-05 03:07:00
A9,2025-04-05 11:43:00
A9,2025-04-05 13:35:00
A9,2025-04-05 13:55:00
A9,2025-04-05 14:54:00
A9,2025-04-05 16:46:00
A9,2025-04-05 21:29:00
A9,2025-04-05 22:55:00
A9,2025-04-06 03:19:00
A9,2025-04-06 05:04:00
A9,2025-04-06 05:35:00
A9,2025-04-06 06:22:00
A9,2025-04-06 07:17:00
A9,2025-04-06 07:52:00
A9,2025-04-06 09:11:00
A9,2025-04-06 10:11:00
A9,2025-04-06 10:12:00
A9,2025-04-06 12:05:00
A9,2025-04-06 12:22:00
A9,2025-04-06 14:58:00
A9,2025-04-06 17:17:00
A9,2025-04-06 17:56:00
A9,2025-04-06 18:26:00
A9,2025-04-06 20:13:00
A9,2025-04-06 20:21:00
A9,2025-04-06 23:53:00
A9,2025-04-07 01:17:00
A9,2025-04-07 02:34:00
A9,2025-04-07 03:11:00
A9,2025-04-07 05:37:00
A9,2025-04-07 05:56:00
A9,2025-04-07 06:17:00
A9,2025-04-07 07:05:00
A9,2025-04-07 08:20:00
A9,2025-04-07 08:32:00
A9,2025-04-07 13:24:00
A9,2025-04-07 14:41:00
A9,2025-04-07 15:24:00
A9,2025-04-07 16:40:00
A9,2025-04-07 21:37:00
A9,2025-04-07 22:00:00
A9,2025-04-07 22:50:00
A9,2025-04-08 00:03:00
A9,2025-04-08 00:43:00
A9,2025-04-08 01:20:00
A9,2025-04-08 02:01:00
A9,2025-04-08 06:50:00
A9,2025-04-08 08:40:00
A9,2025-04-08 08:54:00
A9,2025-04-08 09:36:00
A9,2025-04-08 15:06:00
A9,2025-04-08 17:10:00
A9,2025-04-08 17:53:00
A9,2025-04-08 18:28:00
A9,2025-04-08 22:31:00
A9,2025-04-08 23:55:00
A9,2025-04-09 01:08:00
A9,2025-04-09 01:39:00
A9,2025-04-09 01:42:00
A9,2025-04-09 01:53:00
A9,2025-04-09 01:57:00
A9,2025-04-09 04:01:00
A9,2025-04-09 04:07:00
A9,2025-04-09 05:44:00
A9,2025-04-09 07:43:00
A9,2025-04-09 08:01:00
A9,2025-04-09 08:12:00
A9,2025-04-09 08:34:00
A9,2025-04-09 12:38:00
A9,2025-04-09 13:04:00
A9,2025-04-09 13:14:00
A9,2025-04-09 13:25:00
A9,2025-04-09 14:10:00
A9,2025-04-09 15:09:00
A9,2025-04-09 15:56:00
A9,2025-04-09 17:03:00
A9,2025-04-09 17:34:00
A9,2025-04-09 19:16:00
A9,2025-04-09 19:36:00
A9,2025-04-09 19:57:00
A9,2025-04-09 21:28:00
A9,2025-04-09 23:08:00
A9,2025-04-10 00:01:00
A9,2025-04-10 00:09:00
A9,2025-04-10 02:56:00
A9,2025-04-10 04:48:00
A9,2025-04-10 07:46:00
A9,2025-04-10 09:55:00
A9,2025-04-10 12:27:00
A9,2025-04-10 13:08:00
A9,2025-04-10 14:59:00
A9,2025-04-10 16:09:00
A9,2025-04-10 16:57:00
A9,2025-04-10 17:16:00
A9,2025-04-10 17:59:00
A9,2025-04-10 19:14:00
A9,2025-04-10 19:32:00
A9,2025-04-10 21:35:00
A9,2025-04-10 23:09:00
A9,2025-04-10 23:40:00
A9,2025-04-10 23:55:00
A9,2025-04-11 00:46:00
A9,2025-04-11 01:11:00
A9,2025-04-11 01:58:00
A9,2025-04-11 03:02:00
A9,2025-04-11 08:23:00
A9,2025-04-11 08:33:00
A9,2025-04-11 08:50:00
A9,2025-04-11 09:56:00
A9,2025-04-11 14:45:00
A9,2025-04-11 16:52:00
A9,2025-04-11 22:01:00
A9,2025-04-11 22:59:00
A9,2025-04-12 01:36:00
A9,2025-04-12 02:03:00
A9,2025-04-12 05:19:00
A9,2025-04-12 07:11:00
A9,2025-04-12 09:57:00
A9,2025-04-12 10:42:00
A9,2025-04-12 13:05:00
A9,2025-04-12 13:43:00
A9,2025-04-12 15:13:00
A9,2025-04-12 17:33:00
A9,2025-04-12 18:44:00
A9,2025-04-12 18:50:00
A9,2025-04-12 20:50:00
A9,2025-04-12 20:53:00
A9,2025-04-12 22:05:00
A9,2025-04-12 23:57:00
A9,2025-04-13 01:11:00
A9,2025-04-13 01:50:00
A9,2025-04-13 02:46:00
A9,2025-04-13 04:03:00
A9,2025-04-13 05:23:00
A9,2025-04-13 06:00:00
A9,2025-04-13 06:09:00
A9,2025-04-13 09:31:00
A9,2025-04-13 11:00:00
A9,2025-04-13 11:19:00
A9,2025-04-13 12:26:00
A9,2025-04-13 13:02:00
A9,2025-04-13 13:50:00
A9,2025-04-13 15:35:00
A9,2025-04-13 17:13:00
A9,2025-04-13 18:12:00
A9,2025-04-13 21:12:00
A9,2025-04-13 22:04:00
A9,2025-04-13 22:57:00
A9,2025-04-14 01:08:00
A9,2025-04-14 01:20:00
A9,2025-04-14 08:10:00
A9,2025-04-14 08:53:00
A9,2025-04-14 09:22:00
A9,2025-04-14 10:42:00
A9,2025-04-14 14:24:00
A9,2025-04-14 17:15:00
A9,2025-04-14 19:32:00
A9,2025-04-14 19:58:00
A9,2025-04-14 20:58:00
A9,2025-04-14 21:09:00
A9,2025-04-15 02:21:00
A9,2025-04-15 07:10:00
A9,2025-04-15 07:38:00
A9,2025-04-15 07:56:00
A9,2025-04-15 09:24:00
A9,2025-04-15 10:47:00
A9,2025-04-15 11:02:00
A9,2025-04-15 12:53:00
A9,2025-04-15 17:38:00
A9,2025-04-15 20:23:00
A9,2025-04-15 20:38:00
A9,2025-04-15 22:41:00
A9,2025-04-15 23:32:00
A9,2025-04-16 00:31:00
A9,2025-04-16 06:13:00
A9,2025-04-16 10:32:00
A9,2025-04-16 12:57:00
A9,2025-04-16 14:34:00
A9,2025-04-16 17:53:00
A9,2025-04-16 18:10:00
A9,2025-04-16 20:49:00
A9,2025-04-17 01:54:00
A9,2025-04-17 04:38:00
A9,2025-04-17 05:06:00
A9,2025-04-17 09:08:00
A9,2025-04-17 14:54:00
A9,2025-04-17 15:37:00
A9,2025-04-17 16:26:00
A9,2025-04-17 17:27:00
A9,2025-04-17 22:34:00
A9,2025-04-17 22:46:00
A9,2025-04-17 23:30:00
A9,2025-04-18 00:00:00
A9,2025-04-18 00:25:00
A9,2025-04-18 00:27:00
A9,2025-04-18 00:53:00
A9,2025-04-18 02:13:00
A9,2025-04-18 05:34:00
A9,2025-04-18 09:13:00
A9,2025-04-18 11:18:00
A9,2025-04-18 12:29:00
A9,2025-04-18 16:12:00
A9,2025-04-18 18:30:00
A9,2025-04-18 18:52:00
A9,2025-04-18 18:55:00
A9,2025-04-18 19:35:00
A9,2025-04-18 22:49:00
A9,2025-04-19 01:35:00
A9,2025-04-19 04:07:00
A9,2025-04-19 05:02:00
A9,2025-04-19 09:54:00
A9,2025-04-19 10:37:00
A9,2025-04-19 11:46:00
A9,2025-04-19 11:55:00
A9,2025-04-19 12:21:00
A9,2025-04-19 18:42:00
A9,2025-04-19 19:18:00
A9,2025-04-19 19:37:00
A9,2025-04-19 21:03:00
A9,2025-04-20 00:47:00
A9,2025-04-20 04:09:00
A9,2025-04-20 07:38:00
A9,2025-04-20 07:55:00
A9,2025-04-20 09:22:00
A9,2025-04-20 09:36:00
A9,2025-04-20 11:12:00
A9,2025-04-20 11:42:00
A9,2025-04-20 15:12:00
A9,2025-04-20 15:29:00
A9,2025-04-20 16:02:00
A9,2025-04-20 18:02:00
A9,2025-04-20 20:03:00
A9,2025-04-20 20:48:00
A9,2025-04-20 21:50:00
A9,2025-04-20 22:14:00
A9,2025-04-20 22:29:00
A9,2025-04-20 22:34:00
A9,2025-04-21 00:45:00
A9,2025-04-21 02:23:00
A9,2025-04-21 03:14:00
A9,2025-04-21 06:51:00
A9,2025-04-21 08:34:00
A9,2025-04-21 09:32:00
A9,2025-04-21 09:54:00
A9,2025-04-21 11:26:00
A9,2025-04-21 13:00:00
A9,2025-04-21 14:03:00
A9,2025-04-21 15:59:00
A9,2025-04-21 16:02:00
A9,2025-04-21 16:19:00
A9,2025-04-21 18:06:00
A9,2025-04-21 22:06:00
A9,2025-04-21 22:46:00
A9,2025-04-22 00:11:00
A9,2025-04-22 01:16:00
A9,2025-04-22 03:03:00
A9,2025-04-22 03:43:00
A9,2025-04-22 03:48:00
A9,2025-04-22 04:04:00
A9,2025-04-22 05:03:00
A9,2025-04-22 06:27:00
A9,2025-04-22 07:47:00
A9,2025-04-22 09:59:00
A9,2025-04-22 11:13:00
A9,2025-04-22 12:25:00
A9,2025-04-22 14:07:00
A9,2025-04-22 17:00:00
A9,2025-04-22 20:45:00
A9,2025-04-22 21:24:00
A9,2025-04-22 22:34:00
A9,2025-04-22 23:28:00
A9,2025-04-22 23:40:00
A9,2025-04-22 23:50:00
A9,2025-04-23 00:34:00
A9,2025-04-23 01:31:00
A9,2025-04-23 01:55:00
A9,2025-04-23 01:58:00
A9,2025-04-23 03:42:00
A9,2025-04-23 04:35:00
A9,2025-04-23 04:47:00
A9,2025-04-23 05:14:00
A9,2025-04-23 07:25:00
A9,2025-04-23 07:56:00
A9,2025-04-23 09:48:00
A9,2025-04-23 11:38:00
A9,2025-04-23 12:21:00
A9,2025-04-23 15:45:00
A9,2025-04-23 17:01:00
A9,2025-04-23 17:22:00
A9,2025-04-23 17:35:00
A9,2025-04-23 19:51:00
A9,2025-04-23 20:47:00
A9,2025-04-23 22:51:00
A9,2025-04-23 23:22:00
A9,2025-04-24 00:28:00
A9,2025-04-24 01:57:00
A9,2025-04-24 03:38:00
A9,2025-04-24 03:54:00
A9,2025-04-24 04:17:00
A9,2025-04-24 06:35:00
A9,2025-04-24 07:42:00
A9,2025-04-24 08:00:00
A9,2025-04-24 09:09:00
A9,2025-04-24 09:13:00
A9,2025-04-24 12:21:00
A9,2025-04-24 12:53:00
A9,2025-04-24 13:45:00
A9,2025-04-24 18:02:00
A9,2025-04-24 18:22:00
A9,2025-04-24 18:25:00
A9,2025-04-24 19:32:00
A9,2025-04-24 20:54:00
A9,2025-04-24 20:58:00
A9,2025-04-25 01:45:00
A9,2025-04-25 05:15:00
A9,2025-04-25 05:24:00
A9,2025-04-25 05:55:00
A9,2025-04-25 07:39:00
A9,2025-04-25 09:56:00
A9,2025-04-25 13:45:00
A9,2025-04-25 15:21:00
A9,2025-04-25 20:31:00
A9,2025-04-25 20:41:00
A9,2025-04-25 21:43:00
A9,2025-04-25 22:51:00
A9,2025-04-26 02:34:00
A9,2025-04-26 02:59:00
A9,2025-04-26 03:40:00
A9,2025-04-26 05:45:00
A9,2025-04-26 09:46:00
A9,2025-04-26 10:28:00
A9,2025-04-26 13:33:00
A9,2025-04-26 13:57:00
A9,2025-04-26 17:18:00
A9,2025-04-26 21:36:00
A9,2025-04-27 00:35:00
A9,2025-04-27 00:39:00
A9,2025-04-27 01:12:00
A9,2025-04-27 04:13:00
A9,2025-04-27 09:17:00
A9,2025-04-27 15:10:00
A9,2025-04-27 15:49:00
A9,2025-04-27 17:30:00
A9,2025-04-27 18:59:00
A9,2025-04-27 19:19:00
A9,2025-04-27 19:38:00
A9,2025-04-27 22:54:00
A9,2025-04-27 23:49:00
A9,2025-04-28 00:20:00
A9,2025-04-28 00:43:00
A9,2025-04-28 02:59:00
A9,2025-04-28 04:42:00
A9,2025-04-28 05:57:00
A9,2025-04-28 08:28:00
A9,2025-04-28 08:56:00
A9,2025-04-28 10:05:00
A9,2025-04-28 10:45:00
A9,2025-04-28 12:45:00
A9,2025-04-28 13:42:00
A9,2025-04-28 15:09:00
A9,2025-04-28 15:33:00
A9,2025-04-28 16:20:00
A9,2025-04-28 18:46:00
A9,2025-04-28 21:24:00
A9,2025-04-28 22:40:00
A9,2025-04-29 00:22:00
A9,2025-04-29 00:49:00
A9,2025-04-29 01:06:00
A9,2025-04-29 01:24:00
A9,2025-04-29 02:29:00
A9,2025-04-29 02:53:00
A9,2025-04-29 04:42:00
A9,2025-04-29 05:05:00
A9,2025-04-29 07:11:00
A9,2025-04-29 07:18:00
A9,2025-04-29 07:58:00
A9,2025-04-29 10:21:00
A9,2025-04-29 11:46:00
A9,2025-04-29 11:48:00
A9,2025-04-29 15:39:00
A9,2025-04-29 16:22:00
A9,2025-04-29 17:47:00
A9,2025-04-29 19:02:00
A9,2025-04-29 22:01:00
A9,2025-04-29 23:01:00
A9,2025-04-30 00:13:00
A9,2025-04-30 00:44:00
A9,2025-04-30 01:06:00
A9,2025-04-30 01:24:00
A9,2025-04-30 01:31:00
A9,2025-04-30 03:03:00
A9,2025-04-30 03:15:00
A9,2025-04-30 06:47:00
A9,2025-04-30 07:48:00
A9,2025-04-30 08:19:00
A9,2025-04-30 09:31:00
A9,2025-04-30 12:03:00
A9,2025-04-30 12:31:00
A9,2025-04-30 13:21:00
A9,2025-04-30 15:03:00
A9,2025-04-30 15:44:00
A9,2025-04-30 17:21:00
A9,2025-04-30 19:48:00
A9,2025-04-30 19:52:00
A9,2025-04-30 22:37:00
A9,2025-05-01 01:06:00
A9,2025-05-01 01:59:00
A9,2025-05-01 02:19:00
A9,2025-05-01 04:58:00
A9,2025-05-01 07:11:00
A9,2025-05-01 08:34:00
A9,2025-05-01 09:43:00
A9,2025-05-01 10:46:00
A9,2025-05-01 14:04:00
A9,2025-05-01 20:32:00
A9,2025-05-01 23:04:00
A9,2025-05-02 00:16:00
A9,2025-05-02 03:27:00
A9,2025-05-02 04:16:00
A9,2025-05-02 07:22:00
A9,2025-05-02 08:00:00
A9,2025-05-02 09:25:00
A9,2025-05-02 09:41:00
A9,2025-05-02 18:06:00
A9,2025-05-02 19:45:00
A9,2025-05-02 21:41:00
A9,2025-05-02 22:27:00
A9,2025-05-02 22:54:00
A9,2025-05-02 23:15:00
A9,2025-05-03 01:38:00
A9,2025-05-03 02:53:00
A9,2025-05-03 03:26:00
A9,2025-05-03 03:44:00
A9,2025-05-03 03:58:00
A9,2025-05-03 04:25:00
A9,2025-05-03 05:11:00
A9,2025-05-03 05:29:00
A9,2025-05-03 06:27:00
A9,2025-05-03 07:45:00
A9,2025-05-03 09:13:00
A9,2025-05-03 13:10:00
A9,2025-05-03 17:27:00
A9,2025-05-03 20:15:00
A9,2025-05-03 20:45:00
A9,2025-05-03 21:55:00
A9,2025-05-03 22:24:00
A9,2025-05-03 23:48:00
A9,2025-05-04 03:06:00
A9,2025-05-04 05:26:00
A9,2025-05-04 06:06:00
A9,2025-05-04 06:15:00
A9,2025-05-04 08:37:00
A9,2025-05-04 10:17:00
A9,2025-05-04 10:24:00
A9,2025-05-04 10:44:00
A9,2025-05-04 12:03:00
A9,2025-05-04 13:23:00
A9,2025-05-04 13:59:00
A9,2025-05-04 16:05:00
A9,2025-05-04 16:46:00
A9,2025-05-04 23:58:00
A9,2025-05-05 00:17:00
A9,2025-05-05 00:53:00
A9,2025-05-05 02:20:00
A9,2025-05-05 02:58:00
A9,2025-05-05 04:14:00
A9,2025-05-05 07:17:00
A9,2025-05-05 09:21:00
A9,2025-05-05 10:16:00
A9,2025-05-05 11:43:00
A9,2025-05-05 12:46:00
A9,2025-05-05 12:50:00
A9,2025-05-05 15:42:00
A9,2025-05-05 17:23:00
A9,2025-05-05 19:46:00
A9,2025-05-05 21:40:00
A9,2025-05-05 22:46:00
A9,2025-05-05 23:30:00
A9,2025-05-06 00:25:00
A9,2025-05-06 02:24:00
A9,2025-05-06 05:30:00
A9,2025-05-06 06:00:00
A9,2025-05-06 09:12:00
A9,2025-05-06 14:32:00
A9,2025-05-06 14:58:00
A9,2025-05-06 15:10:00
A9,2025-05-06 18:25:00
A9,2025-05-06 18:42:00
A9,2025-05-06 19:27:00
A9,2025-05-06 20:36:00
A9,2025-05-06 22:57:00
A9,2025-05-07 03:55:00
A9,2025-05-07 05:26:00
A9,2025-05-07 07:15:00
A9,2025-05-07 08:11:00
A9,2025-05-07 08:48:00
A9,2025-05-07 12:25:00
A9,2025-05-07 19:11:00
A9,2025-05-07 19:15:00
A9,2025-05-07 21:48:00
A9,2025-05-07 22:13:00
A9,2025-05-07 22:18:00
A9,2025-05-08 00:26:00
A9,2025-05-08 00:55:00
A9,2025-05-08 01:17:00
A9,2025-05-08 07:56:00
A9,2025-05-08 08:08:00
A9,2025-05-08 08:23:00
A9,2025-05-08 08:57:00
A9,2025-05-08 09:05:00
A9,2025-05-08 09:18:00
A9,2025-05-08 11:52:00
A9,2025-05-08 12:48:00
A9,2025-05-08 14:26:00
A9,2025-05-08 15:28:00
A9,2025-05-08 20:11:00
A9,2025-05-08 22:03:00
A9,2025-05-08 23:27:00
A9,2025-05-08 23:37:00
A9,2025-05-09 02:00:00
A9,2025-05-09 02:46:00
A9,2025-05-09 03:15:00
A9,2025-05-09 04:27:00
A9,2025-05-09 06:04:00
A9,2025-05-09 08:34:00
A9,2025-05-09 08:54:00
A9,2025-05-09 09:33:00
A9,2025-05-09 10:40:00
A9,2025-05-09 11:45:00
A9,2025-05-09 14:09:00
A9,2025-05-09 14:42:00
A9,2025-05-09 18:11:00
A9,2025-05-09 19:18:00
A9,2025-05-09 20:56:00
A9,2025-05-09 21:24:00
A9,2025-05-09 22:49:00
A9,2025-05-09 23:51:00
A9,2025-05-09 23:59:00
A9,2025-05-10 00:24:00
A9,2025-05-10 01:26:00
A9,2025-05-10 02:35:00
A9,2025-05-10 03:23:00
A9,2025-05-10 04:51:00
A9,2025-05-10 05:01:00
A9,2025-05-10 05:16:00
A9,2025-05-10 06:27:00
A9,2025-05-10 07:48:00
A9,2025-05-10 08:03:00
A9,2025-05-10 09:03:00
A9,2025-05-10 11:03:00
A9,2025-05-10 11:52:00
A9,2025-05-10 14:15:00
A9,2025-05-10 15:06:00
A9,2025-05-10 16:43:00
A9,2025-05-10 16:58:00
A9,2025-05-10 17:34:00
A9,2025-05-10 19:16:00
A9,2025-05-10 19:57:00
A9,2025-05-10 22:28:00
A9,2025-05-10 23:24:00
A9,2025-05-10 23:37:00
A9,2025-05-11 01:38:00
A9,2025-05-11 02:29:00
A9,2025-05-11 05:41:00
A9,2025-05-11 05:58:00
A9,2025-05-11 09:36:00
A9,2025-05-11 09:51:00
A9,2025-05-11 10:57:00
A9,2025-05-11 11:08:00
A9,2025-05-11 11:51:00
A9,2025-05-11 12:40:00
A9,2025-05-11 13:37:00
A9,2025-05-11 17:34:00
A9,2025-05-11 21:26:00
A9,2025-05-11 23:16:00
A9,2025-05-11 23:17:00
A9,2025-05-11 23:30:00
A9,2025-05-11 23:56:00
A9,2025-05-12 01:16:00
A9,2025-05-12 01:26:00
A9,2025-05-12 05:50:00
A9,2025-05-12 06:28:00
A9,2025-05-12 09:03:00
A9,2025-05-12 12:26:00
A9,2025-05-12 12:52:00
A9,2025-05-12 14:33:00
A9,2025-05-12 16:02:00
A9,2025-05-12 17:11:00
A9,2025-05-12 23:55:00
A9,2025-05-13 00:06:00
A9,2025-05-13 02:08:00
A9,2025-05-13 02:50:00
A9,2025-05-13 07:00:00
A9,2025-05-13 07:14:00
A9,2025-05-13 09:43:00
A9,2025-05-13 09:52:00
A9,2025-05-13 11:23:00
A9,2025-05-13 11:32:00
A9,2025-05-13 12:06:00
A9,2025-05-13 12:13:00
A9,2025-05-13 14:34:00
A9,2025-05-13 15:49:00
A9,2025-05-13 18:18:00
A9,2025-05-13 18:34:00
A9,2025-05-13 19:45:00
A9,2025-05-13 21:26:00
A9,2025-05-14 02:12:00
A9,2025-05-14 02:48:00
A9,2025-05-14 03:49:00
A9,2025-05-14 06:20:00
A9,2025-05-14 06:32:00
A9,2025-05-14 09:11:00
A9,2025-05-14 09:56:00
A9,2025-05-14 11:21:00
A9,2025-05-14 11:45:00
A9,2025-05-14 13:12:00
A9,2025-05-14 15:12:00
A9,2025-05-14 16:19:00
A9,2025-05-14 16:47:00
A9,2025-05-14 17:31:00
A9,2025-05-14 20:45:00
A9,2025-05-14 21:44:00
A9,2025-05-14 22:56:00
A9,2025-05-14 23:39:00
A9,2025-05-15 03:25:00
A9,2025-05-15 05:01:00
A9,2025-05-15 06:58:00
A9,2025-05-15 10:47:00
A9,2025-05-15 13:23:00
A9,2025-05-15 15:44:00
A9,2025-05-15 20:43:00
A9,2025-05-15 21:14:00
A9,2025-05-15 22:05:00
A9,2025-05-16 00:10:00
A9,2025-05-16 03:29:00
A9,2025-05-16 03:54:00
A9,2025-05-16 04:59:00
A9,2025-05-16 05:29:00
A9,2025-05-16 08:05:00
A9,2025-05-16 10:05:00
A9,2025-05-16 10:42:00
A9,2025-05-16 13:02:00
A9,2025-05-16 14:07:00
A9,2025-05-16 15:59:00
A9,2025-05-16 17:47:00
A9,2025-05-16 18:28:00
A9,2025-05-16 18:42:00
A9,2025-05-16 18:52:00
A9,2025-05-16 19:58:00
A9,2025-05-16 20:42:00
A9,2025-05-16 22:23:00
A9,2025-05-17 00:48:00
A9,2025-05-17 03:57:00
A9,2025-05-17 04:32:00
A9,2025-05-17 06:28:00
A9,2025-05-17 08:28:00
A9,2025-05-17 10:28:00
A9,2025-05-17 10:43:00
A9,2025-05-17 12:33:00
A9,2025-05-17 12:35:00
A9,2025-05-17 14:36:00
A9,2025-05-17 14:40:00
A9,2025-05-17 16:22:00
A9,2025-05-17 17:34:00
A9,2025-05-17 18:10:00
A9,2025-05-17 20:09:00
A9,2025-05-17 20:56:00
A9,2025-05-18 01:17:00
A9,2025-05-18 04:58:00
A9,2025-05-18 06:55:00
A9,2025-05-18 07:02:00
A9,2025-05-18 07:17:00
A9,2025-05-18 08:14:00
A9,2025-05-18 09:34:00
A9,2025-05-18 10:25:00
A9,2025-05-18 11:36:00
A9,2025-05-18 12:36:00
A9,2025-05-18 15:04:00
A9,2025-05-18 15:44:00
A9,2025-05-18 22:40:00
A9,2025-05-19 00:16:00
A9,2025-05-19 02:41:00
A9,2025-05-19 04:56:00
A9,2025-05-19 06:47:00
A9,2025-05-19 08:28:00
A9,2025-05-19 09:21:00
A9,2025-05-19 09:32:00
A9,2025-05-19 10:22:00
A9,2025-05-19 10:42:00
A9,2025-05-19 11:00:00
A9,2025-05-19 11:21:00
A9,2025-05-19 11:48:00
A9,2025-05-19 14:10:00
A9,2025-05-19 15:40:00
A9,2025-05-19 16:52:00
A9,2025-05-19 19:03:00
A9,2025-05-19 22:00:00
A9,2025-05-19 22:21:00
A9,2025-05-20 04:15:00
A9,2025-05-20 04:35:00
A9,2025-05-20 05:15:00
A9,2025-05-20 05:56:00
A9,2025-05-20 06:25:00
A9,2025-05-20 08:42:00
A9,2025-05-20 09:01:00
A9,2025-05-20 09:17:00
A9,2025-05-20 09:37:00
A9,2025-05-20 11:42:00
A9,2025-05-20 12:50:00
A9,2025-05-20 13:25:00
A9,2025-05-20 14:33:00
A9,2025-05-20 15:09:00
A9,2025-05-20 16:28:00
A9,2025-05-20 17:43:00
A9,2025-05-20 17:57:00
A9,2025-05-20 18:39:00
A9,2025-05-20 19:49:00
A9,2025-05-20 22:11:00
A9,2025-05-20 23:25:00
A9,2025-05-21 00:42:00
A9,2025-05-21 00:53:00
A9,2025-05-21 02:00:00
A9,2025-05-21 02:25:00
A9,2025-05-21 02:44:00
A9,2025-05-21 03:30:00
A9,2025-05-21 08:10:00
A9,2025-05-21 09:05:00
A9,2025-05-21 09:36:00
A9,2025-05-21 13:03:00
A9,2025-05-21 15:50:00
A9,2025-05-21 16:12:00
A9,2025-05-21 16:44:00
A9,2025-05-21 20:24:00
A9,2025-05-21 22:21:00
A9,2025-05-21 23:19:00
A9,2025-05-22 00:59:00
A9,2025-05-22 01:01:00
A9,2025-05-22 03:34:00
A9,2025-05-22 06:42:00
A9,2025-05-22 08:44:00
A9,2025-05-22 09:29:00
A9,2025-05-22 09:41:00
A9,2025-05-22 10:16:00
A9,2025-05-22 12:48:00
A9,2025-05-22 13:03:00
A9,2025-05-22 13:49:00
A9,2025-05-22 13:57:00
A9,2025-05-22 17:02:00
A9,2025-05-22 18:09:00
A9,2025-05-22 20:08:00
A9,2025-05-23 00:06:00
A9,2025-05-23 01:58:00
A9,2025-05-23 02:16:00
A9,2025-05-23 02:27:00
A9,2025-05-23 03:45:00
A9,2025-05-23 04:02:00
A9,2025-05-23 06:14:00
A9,2025-05-23 08:10:00
A9,2025-05-23 09:38:00
A9,2025-05-23 12:39:00
A9,2025-05-23 13:37:00
A9,2025-05-23 16:16:00
A9,2025-05-23 16:55:00
A9,2025-05-23 17:21:00
A9,2025-05-23 18:18:00
A9,2025-05-23 19:14:00
A9,2025-05-23 19:42:00
A9,2025-05-23 20:07:00
A9,2025-05-23 21:52:00
A9,2025-05-23 22:16:00
A9,2025-05-23 22:59:00
A9,2025-05-23 23:35:00
A9,2025-05-23 23:37:00
A9,2025-05-23 23:54:00
A9,2025-05-24 00:34:00
A9,2025-05-24 01:14:00
A9,2025-05-24 02:29:00
A9,2025-05-24 02:53:00
A9,2025-05-24 05:09:00
A9,2025-05-24 05:45:00
A9,2025-05-24 05:56:00
A9,2025-05-24 06:51:00
A9,2025-05-24 07:01:00
A9,2025-05-24 12:29:00
A9,2025-05-24 13:08:00
A9,2025-05-24 15:33:00
A9,2025-05-24 15:55:00
A9,2025-05-24 16:09:00
A9,2025-05-24 22:40:00
A9,2025-05-24 23:17:00
A9,2025-05-24 23:49:00
A9,2025-05-25 00:53:00
A9,2025-05-25 04:06:00
A9,2025-05-25 04:58:00
A9,2025-05-25 09:12:00
A9,2025-05-25 09:30:00
A9,2025-05-25 09:55:00
A9,2025-05-25 12:23:00
A9,2025-05-25 13:05:00
A9,2025-05-25 14:46:00
A9,2025-05-25 15:52:00
A9,2025-05-25 17:39:00
A9,2025-05-25 21:52:00
A9,2025-05-25 22:11:00
A9,2025-05-26 01:23:00
A9,2025-05-26 01:29:00
A9,2025-05-26 06:47:00
A9,2025-05-26 08:07:00
A9,2025-05-26 08:09:00
A9,2025-05-26 10:17:00
A9,2025-05-26 10:25:00
A9,2025-05-26 13:01:00
A9,2025-05-26 16:51:00
A9,2025-05-26 23:26:00
A9,2025-05-27 01:45:00
A9,2025-05-27 03:23:00
A9,2025-05-27 06:39:00
A9,2025-05-27 08:09:00
A9,2025-05-27 08:56:00
A9,2025-05-27 09:16:00
A9,2025-05-27 10:26:00
A9,2025-05-27 13:35:00
A9,2025-05-27 15:39:00
A9,2025-05-27 15:56:00
A9,2025-05-27 17:17:00
A9,2025-05-27 18:34:00
A9,2025-05-27 19:28:00
A9,2025-05-27 21:59:00
A9,2025-05-27 22:49:00
A9,2025-05-27 22:51:00
A9,2025-05-27 23:19:00
A9,2025-05-28 00:43:00
A9,2025-05-28 02:14:00
A9,2025-05-28 02:51:00
A9,2025-05-28 04:36:00
A9,2025-05-28 09:06:00
A9,2025-05-28 10:02:00
A9,2025-05-28 11:22:00
A9,2025-05-28 11:46:00
A9,2025-05-28 14:24:00
A9,2025-05-28 16:37:00
A9,2025-05-28 17:13:00
A9,2025-05-28 18:27:00
A9,2025-05-28 18:57:00
A9,2025-05-28 20:25:00
A9,2025-05-28 20:41:00
A9,2025-05-28 21:35:00
A9,2025-05-28 22:56:00
A9,2025-05-29 02:20:00
A9,2025-05-29 04:09:00
A9,2025-05-29 04:27:00
A9,2025-05-29 08:06:00
A9,2025-05-29 09:07:00
A9,2025-05-29 11:05:00
A9,2025-05-29 12:08:00
A9,2025-05-29 16:30:00
A9,2025-05-29 17:09:00
A9,2025-05-29 18:43:00
A9,2025-05-29 19:05:00
A9,2025-05-29 20:08:00
A9,2025-05-29 20:42:00
A9,2025-05-29 21:35:00
A9,2025-05-29 22:23:00
A9,2025-05-29 23:08:00
A9,2025-05-29 23:19:00
A9,2025-05-29 23:42:00
A9,2025-05-30 00:50:00
A9,2025-05-30 01:47:00
A9,2025-05-30 02:43:00
A9,2025-05-30 03:01:00
A9,2025-05-30 06:13:00
A9,2025-05-30 07:32:00
A9,2025-05-30 09:14:00
A9,2025-05-30 11:28:00
A9,2025-05-30 12:17:00
A9,2025-05-30 12:51:00
A9,2025-05-30 13:22:00
A9,2025-05-30 13:57:00
A9,2025-05-30 14:31:00
A9,2025-05-30 14:39:00
A9,2025-05-30 16:21:00
A9,2025-05-30 16:57:00
A9,2025-05-30 19:29:00
A9,2025-05-30 21:10:00
A9,2025-05-30 22:19:00
A9,2025-05-30 23:18:00
A9,2025-05-30 23:29:00
A9,2025-05-30 23:46:00
A9,2025-05-31 00:46:00
A9,2025-05-31 02:49:00
A9,2025-05-31 03:18:00
A9,2025-05-31 03:31:00
A9,2025-05-31 04:13:00
A9,2025-05-31 08:54:00
A9,2025-05-31 09:20:00
A9,2025-05-31 16:08:00
A9,2025-05-31 19:38:00
A9,2025-05-31 20:08:00
A9,2025-05-31 21:44:00
A9,2025-05-31 22:44:00
A9,2025-06-01 00:02:00
A9,2025-06-01 00:41:00
A9,2025-06-01 01:11:00
A9,2025-06-01 02:09:00
A9,2025-06-01 05:41:00
A9,2025-06-01 07:47:00
A9,2025-06-01 09:07:00
A9,2025-06-01 14:46:00
A9,2025-06-01 17:52:00
A9,2025-06-01 23:58:00
A9,2025-06-02 00:09:00
A9,2025-06-02 00:50:00
A9,2025-06-02 02:01:00
A9,2025-06-02 03:05:00
A9,2025-06-02 03:50:00
A9,2025-06-02 04:04:00
A9,2025-06-02 04:40:00
A9,2025-06-02 04:48:00
A9,2025-06-02 07:52:00
A9,2025-06-02 08:30:00
A9,2025-06-02 12:20:00
A9,2025-06-02 12:38:00
A9,2025-06-02 14:10:00
A9,2025-06-02 15:00:00
A9,2025-06-02 18:32:00
A9,2025-06-02 19:43:00
A9,2025-06-02 21:25:00
A9,2025-06-02 22:12:00
A9,2025-06-02 22:45:00
A9,2025-06-02 23:51:00
A9,2025-06-03 04:09:00
A9,2025-06-03 04:23:00
A9,2025-06-03 05:27:00
A9,2025-06-03 05:56:00
A9,2025-06-03 06:09:00
A9,2025-06-03 08:26:00
A9,2025-06-03 08:50:00
A9,2025-06-03 09:29:00
A9,2025-06-03 10:56:00
A9,2025-06-03 12:33:00
A9,2025-06-03 14:40:00
A9,2025-06-03 18:19:00
A9,2025-06-03 20:26:00
A9,2025-06-03 20:42:00
A9,2025-06-03 21:56:00
A9,2025-06-03 23:09:00
A9,2025-06-03 23:35:00
A9,2025-06-04 00:46:00
A9,2025-06-04 00:58:00
A9,2025-06-04 01:37:00
A9,2025-06-04 02:37:00
A9,2025-06-04 02:51:00
A9,2025-06-04 04:25:00
A9,2025-06-04 04:59:00
A9,2025-06-04 07:55:00
A9,2025-06-04 10:31:00
A9,2025-06-04 10:50:00
A9,2025-06-04 11:27:00
A9,2025-06-04 13:15:00
A9,2025-06-04 13:29:00
A9,2025-06-04 14:13:00
A9,2025-06-04 16:39:00
A9,2025-06-04 17:53:00
A9,2025-06-04 20:01:00
A9,2025-06-04 21:03:00
A9,2025-06-05 00:04:00
A9,2025-06-05 00:09:00
A9,2025-06-05 00:47:00
A9,2025-06-05 00:57:00
A9,2025-06-05 02:17:00
A9,2025-06-05 03:34:00
A9,2025-06-05 04:40:00
A9,2025-06-05 09:01:00
A9,2025-06-05 09:50:00
A9,2025-06-05 10:37:00
A9,2025-06-05 11:05:00
A9,2025-06-05 12:29:00
A9,2025-06-05 14:10:00
A9,2025-06-05 18:02:00
A9,2025-06-05 21:35:00
A9,2025-06-05 22:48:00
A9,2025-06-06 00:35:00
A9,2025-06-06 04:10:00
A9,2025-06-06 05:29:00
A9,2025-06-06 06:01:00
A9,2025-06-06 06:17:00
A9,2025-06-06 06:38:00
A9,2025-06-06 07:31:00
A9,2025-06-06 08:29:00
A9,2025-06-06 08:58:00
A9,2025-06-06 12:25:00
A9,2025-06-06 14:19:00
A9,2025-06-06 14:41:00
A9,2025-06-06 15:53:00
A9,2025-06-06 20:01:00
A9,2025-06-06 20:50:00
A9,2025-06-06 22:11:00
A9,2025-06-06 23:27:00
A9,2025-06-07 04:09:00
A9,2025-06-07 04:21:00
A9,2025-06-07 04:37:00
A9,2025-06-07 04:54:00
A9,2025-06-07 04:56:00
A9,2025-06-07 06:12:00
A9,2025-06-07 09:39:00
A9,2025-06-07 09:58:00
A9,2025-06-07 14:39:00
A9,2025-06-07 16:15:00
A9,2025-06-07 18:57:00
A9,2025-06-07 19:14:00
A9,2025-06-07 22:30:00
A9,2025-06-07 23:23:00
A9,2025-06-08 00:30:00
A9,2025-06-08 00:32:00
A9,2025-06-08 00:51:00
A9,2025-06-08 01:25:00
A9,2025-06-08 05:24:00
A9,2025-06-08 05:25:00
A9,2025-06-08 13:56:00
A9,2025-06-08 14:29:00
A9,2025-06-08 16:07:00
A9,2025-06-08 16:54:00
A9,2025-06-08 17:25:00
A9,2025-06-08 17:40:00
A9,2025-06-08 17:57:00
A9,2025-06-08 19:17:00
A9,2025-06-08 20:14:00
A9,2025-06-08 21:51:00
A9,2025-06-08 23:31:00
A9,2025-06-09 01:08:00
A9,2025-06-09 02:38:00
A9,2025-06-09 04:33:00
A9,2025-06-09 07:19:00
A9,2025-06-09 09:36:00
A9,2025-06-09 10:26:00
A9,2025-06-09 11:56:00
A9,2025-06-09 13:52:00
A9,2025-06-09 13:53:00
A9,2025-06-09 14:29:00
A9,2025-06-09 18:14:00
A9,2025-06-09 18:31:00
A9,2025-06-09 19:29:00
A9,2025-06-09 21:20:00
A9,2025-06-10 00:32:00
A9,2025-06-10 03:09:00
A9,2025-06-10 03:41:00
A9,2025-06-10 05:23:00
A9,2025-06-10 07:21:00
A9,2025-06-10 07:30:00
A9,2025-06-10 10:19:00
A9,2025-06-10 11:31:00
A9,2025-06-10 11:40:00
A9,2025-06-10 11:56:00
A9,2025-06-10 12:58:00
A9,2025-06-10 13:11:00
A9,2025-06-10 13:57:00
A9,2025-06-10 14:43:00
A9,2025-06-10 16:09:00
A9,2025-06-10 17:46:00
A9,2025-06-10 17:51:00
A9,2025-06-10 18:19:00
A9,2025-06-10 18:35:00
A9,2025-06-10 19:21:00
A9,2025-06-10 22:52:00
A9,2025-06-11 03:48:00
A9,2025-06-11 05:34:00
A9,2025-06-11 05:54:00
A9,2025-06-11 07:03:00
A9,2025-06-11 07:15:00
A9,2025-06-11 07:52:00
A9,2025-06-11 10:44:00
A9,2025-06-11 13:00:00
A9,2025-06-11 13:14:00
A9,2025-06-11 13:40:00
A9,2025-06-11 14:26:00
A9,2025-06-11 16:10:00
A9,2025-06-11 16:51:00
A9,2025-06-11 17:57:00
A9,2025-06-11 18:08:00
A9,2025-06-11 18:50:00
A9,2025-06-11 19:48:00
A9,2025-06-11 19:57:00
A9,2025-06-11 21:11:00
A9,2025-06-11 21:27:00
A9,2025-06-11 22:31:00
A9,2025-06-11 23:03:00
A9,2025-06-12 07:37:00
A9,2025-06-12 08:16:00
A9,2025-06-12 08:20:00
A9,2025-06-12 09:27:00
A9,2025-06-12 10:49:00
A9,2025-06-12 11:08:00
A9,2025-06-12 11:30:00
A9,2025-06-12 12:05:00
A9,2025-06-12 13:08:00
A9,2025-06-12 13:22:00
A9,2025-06-12 14:09:00
A9,2025-06-12 16:16:00
A9,2025-06-12 16:31:00
A9,2025-06-12 18:23:00
A9,2025-06-12 18:40:00
A9,2025-06-12 19:18:00
A9,2025-06-12 19:45:00
A9,2025-06-12 22:27:00
A9,2025-06-12 23:05:00
A9,2025-06-13 00:47:00
A9,2025-06-13 01:03:00
A9,2025-06-13 01:21:00
A9,2025-06-13 04:32:00
A9,2025-06-13 06:04:00
A9,2025-06-13 06:18:00
A9,2025-06-13 09:27:00
A9,2025-06-13 09:53:00
A9,2025-06-13 17:27:00
A9,2025-06-13 21:44:00
A9,2025-06-13 22:55:00
A9,2025-06-14 05:20:00
A9,2025-06-14 06:21:00
A9,2025-06-14 06:46:00
A9,2025-06-14 08:37:00
A9,2025-06-14 10:05:00
A9,2025-06-14 10:13:00
A9,2025-06-14 10:36:00
A9,2025-06-14 11:10:00
A9,2025-06-14 13:02:00
A9,2025-06-14 14:27:00
A9,2025-06-14 14:47:00
A9,2025-06-14 14:58:00
A9,2025-06-14 15:55:00
A9,2025-06-14 16:17:00
A9,2025-06-14 17:13:00
A9,2025-06-14 21:38:00
A9,2025-06-14 22:14:00
A9,2025-06-15 01:22:00
A9,2025-06-15 01:40:00
A9,2025-06-15 04:54:00
A9,2025-06-15 05:58:00
A9,2025-06-15 10:50:00
A9,2025-06-15 10:54:00
A9,2025-06-15 11:23:00
A9,2025-06-15 11:52:00
A9,2025-06-15 12:05:00
A9,2025-06-15 13:43:00
A9,2025-06-15 16:53:00
A9,2025-06-15 17:05:00
A9,2025-06-15 17:31:00
A9,2025-06-15 18:19:00
A9,2025-06-15 21:56:00
A9,2025-06-15 22:39:00
A9,2025-06-15 23:07:00
A9,2025-06-16 00:50:00
A9,2025-06-16 02:06:00
A9,2025-06-16 02:53:00
A9,2025-06-16 05:56:00
A9,2025-06-16 06:23:00
A9,2025-06-16 07:06:00
A9,2025-06-16 16:16:00
A9,2025-06-16 19:08:00
A9,2025-06-16 20:22:00
A9,2025-06-17 00:36:00
A9,2025-06-17 00:57:00
A9,2025-06-17 02:26:00
A9,2025-06-17 04:39:00
A9,2025-06-17 05:40:00
A9,2025-06-17 08:06:00
A9,2025-06-17 11:29:00
A9,2025-06-17 14:53:00
A9,2025-06-17 15:30:00
A9,2025-06-17 16:22:00
A9,2025-06-17 16:40:00
A9,2025-06-17 17:42:00
A9,2025-06-17 20:23:00
A9,2025-06-18 00:04:00
A9,2025-06-18 01:07:00
A9,2025-06-18 06:18:00
A9,2025-06-18 07:55:00
A9,2025-06-18 10:04:00
A9,2025-06-18 12:53:00
A9,2025-06-18 15:59:00
A9,2025-06-18 16:54:00
A9,2025-06-18 18:55:00
A9,2025-06-18 19:56:00
A9,2025-06-18 23:39:00
A9,2025-06-19 00:12:00
A9,2025-06-19 00:17:00
A9,2025-06-19 00:43:00
A9,2025-06-19 01:37:00
A9,2025-06-19 03:01:00
A9,2025-06-19 03:57:00
A9,2025-06-19 05:06:00
A9,2025-06-19 05:11:00
A9,2025-06-19 05:46:00
A9,2025-06-19 06:10:00
A9,2025-06-19 07:09:00
A9,2025-06-19 08:37:00
A9,2025-06-19 09:07:00
A9,2025-06-19 10:33:00
A9,2025-06-19 12:38:00
A9,2025-06-19 16:22:00
A9,2025-06-19 17:16:00
A9,2025-06-19 17:44:00
A9,2025-06-19 18:22:00
A9,2025-06-19 19:04:00
A9,2025-06-19 19:41:00
A9,2025-06-19 21:13:00
A9,2025-06-19 21:32:00
A9,2025-06-19 21:57:00
A9,2025-06-19 22:19:00
A9,2025-06-20 00:15:00
A9,2025-06-20 00:26:00
A9,2025-06-20 05:57:00
A9,2025-06-20 08:09:00
A9,2025-06-20 09:17:00
A9,2025-06-20 09:52:00
A9,2025-06-20 12:57:00
A9,2025-06-20 16:07:00
A9,2025-06-20 19:54:00
A9,2025-06-20 21:56:00
A9,2025-06-20 22:36:00
A9,2025-06-20 23:01:00
A9,2025-06-21 00:25:00
A9,2025-06-21 01:09:00
A9,2025-06-21 01:48:00
A9,2025-06-21 01:51:00
A9,2025-06-21 05:09:00
A9,2025-06-21 09:56:00
A9,2025-06-21 10:19:00
A9,2025-06-21 12:15:00
A9,2025-06-21 13:38:00
A9,2025-06-21 13:58:00
A9,2025-06-21 14:54:00
A9,2025-06-21 15:05:00
A9,2025-06-21 16:09:00
A9,2025-06-21 17:31:00
A9,2025-06-21 21:37:00
A9,2025-06-21 23:07:00
A9,2025-06-22 00:14:00
A9,2025-06-22 01:27:00
A9,2025-06-22 02:01:00
A9,2025-06-22 04:44:00
A9,2025-06-22 05:43:00
A9,2025-06-22 05:55:00
A9,2025-06-22 05:59:00
A9,2025-06-22 06:05:00
A9,2025-06-22 06:46:00
A9,2025-06-22 06:49:00
A9,2025-06-22 09:31:00
A9,2025-06-22 14:27:00
A9,2025-06-22 18:30:00
A9,2025-06-22 19:09:00
A9,2025-06-22 19:28:00
A9,2025-06-22 20:11:00
A9,2025-06-22 21:12:00
A9,2025-06-22 21:56:00
A9,2025-06-22 23:24:00
A9,2025-06-23 01:31:00
A9,2025-06-23 04:21:00
A9,2025-06-23 06:15:00
A9,2025-06-23 06:56:00
A9,2025-06-23 07:28:00
A9,2025-06-23 08:53:00
A9,2025-06-23 10:58:00
A9,2025-06-23 11:42:00
A9,2025-06-23 12:13:00
A9,2025-06-23 13:17:00
A9,2025-06-23 14:07:00
A9,2025-06-23 14:23:00
A9,2025-06-23 14:33:00
A9,2025-06-23 17:03:00
A9,2025-06-23 18:22:00
A9,2025-06-23 19:43:00
A9,2025-06-23 22:20:00
A9,2025-06-24 02:17:00
A9,2025-06-24 02:40:00
A9,2025-06-24 02:55:00
A9,2025-06-24 03:06:00
A9,2025-06-24 05:48:00
A9,2025-06-24 06:16:00
A9,2025-06-24 06:29:00
A9,2025-06-24 09:30:00
A9,2025-06-24 10:14:00
A9,2025-06-24 11:16:00
A9,2025-06-24 13:42:00
A9,2025-06-24 14:13:00
A9,2025-06-24 15:49:00
A9,2025-06-24 16:14:00
A9,2025-06-24 17:36:00
A9,2025-06-24 19:24:00
A9,2025-06-24 19:36:00
A9,2025-06-24 22:38:00
A9,2025-06-24 22:47:00
A9,2025-06-24 23:49:00
A9,2025-06-25 00:07:00
A9,2025-06-25 00:18:00
A9,2025-06-25 01:10:00
A9,2025-06-25 01:53:00
A9,2025-06-25 02:28:00
A9,2025-06-25 02:29:00
A9,2025-06-25 03:22:00
A9,2025-06-25 04:33:00
A9,2025-06-25 04:44:00
A9,2025-06-25 06:29:00
A9,2025-06-25 10:03:00
A9,2025-06-25 10:44:00
A9,2025-06-25 12:56:00
A9,2025-06-25 13:27:00
A9,2025-06-25 16:28:00
A9,2025-06-25 19:17:00
A9,2025-06-25 20:31:00
A9,2025-06-25 23:19:00
A9,2025-06-25 23:23:00
A9,2025-06-25 23:54:00
A9,2025-06-26 01:07:00
A9,2025-06-26 01:13:00
A9,2025-06-26 01:35:00
A9,2025-06-26 03:28:00
A9,2025-06-26 04:35:00
A9,2025-06-26 06:27:00
A9,2025-06-26 08:29:00
A9,2025-06-26 10:39:00
A9,2025-06-26 12:10:00
A9,2025-06-26 13:08:00
A9,2025-06-26 13:32:00
A9,2025-06-26 14:44:00
A9,2025-06-26 15:22:00
A9,2025-06-26 15:56:00
A9,2025-06-26 17:33:00
A9,2025-06-26 18:07:00
A9,2025-06-26 20:05:00
A9,2025-06-26 21:11:00
A9,2025-06-26 22:23:00
A9,2025-06-26 22:35:00
A9,2025-06-26 23:10:00
A9,2025-06-26 23:45:00
A9,2025-06-27 00:11:00
A9,2025-06-27 01:21:00
A9,2025-06-27 04:18:00
A9,2025-06-27 05:47:00
A9,2025-06-27 07:49:00
A9,2025-06-27 10:45:00
A9,2025-06-27 11:39:00
A9,2025-06-27 13:29:00
A9,2025-06-27 15:42:00
A9,2025-06-27 21:44:00
A9,2025-06-28 04:09:00
A9,2025-06-28 04:47:00
A9,2025-06-28 06:20:00
A9,2025-06-28 07:29:00
A9,2025-06-28 08:55:00
A9,2025-06-28 11:03:00
A9,2025-06-28 13:12:00
A9,2025-06-28 14:21:00
A9,2025-06-28 15:03:00
A9,2025-06-28 19:12:00
A9,2025-06-28 20:25:00
A9,2025-06-29 02:43:00
A9,2025-06-29 02:56:00
A9,2025-06-29 02:58:00
A9,2025-06-29 03:04:00
A9,2025-06-29 08:45:00
A9,2025-06-29 09:13:00
A9,2025-06-29 11:20:00
A9,2025-06-29 11:54:00
A9,2025-06-29 16:24:00
A9,2025-06-29 16:30:00
A9,2025-06-29 17:46:00
A9,2025-06-30 00:16:00
A9,2025-06-30 03:49:00
A9,2025-06-30 05:00:00
A9,2025-06-30 06:37:00
A9,2025-06-30 07:29:00
A9,2025-06-30 09:07:00
A9,2025-06-30 09:49:00
A9,2025-06-30 12:09:00
A9,2025-06-30 12:29:00
A9,2025-06-30 16:45:00
A9,2025-06-30 17:10:00
A9,2025-06-30 19:09:00
A9,2025-06-30 19:10:00
A9,2025-06-30 20:22:00
A9,2025-06-30 22:49:00
A9,2025-07-01 00:24:00
A9,2025-07-01 01:10:00
A9,2025-07-01 02:14:00
A9,2025-07-01 03:16:00
A9,2025-07-01 03:34:00
A9,2025-07-01 04:24:00
A9,2025-07-01 05:11:00
A9,2025-07-01 05:22:00
A9,2025-07-01 06:29:00
A9,2025-07-01 08:33:00
A9,2025-07-01 09:36:00
A9,2025-07-01 10:21:00
A9,2025-07-01 10:46:00
A9,2025-07-01 10:59:00
A9,2025-07-01 11:58:00
A9,2025-07-01 12:22:00
A9,2025-07-01 17:32:00
A9,2025-07-01 19:32:00
A9,2025-07-01 20:44:00
A9,2025-07-02 00:56:00
A9,2025-07-02 02:07:00
A9,2025-07-02 03:45:00
A9,2025-07-02 05:48:00
A9,2025-07-02 06:38:00
A9,2025-07-02 08:06:00
A9,2025-07-02 08:13:00
A9,2025-07-02 10:27:00
A9,2025-07-02 12:10:00
A9,2025-07-02 13:31:00
A9,2025-07-02 14:07:00
A9,2025-07-02 15:25:00
A9,2025-07-02 19:59:00
A9,2025-07-03 01:20:00
A9,2025-07-03 01:38:00
A9,2025-07-03 03:27:00
A9,2025-07-03 04:30:00
A9,2025-07-03 05:33:00
A9,2025-07-03 06:02:00
A9,2025-07-03 07:33:00
A9,2025-07-03 07:52:00
A9,2025-07-03 09:36:00
A9,2025-07-03 09:56:00
A9,2025-07-03 10:16:00
A9,2025-07-03 10:29:00
A9,2025-07-03 11:09:00
A9,2025-07-03 11:10:00
A9,2025-07-03 12:43:00
A9,2025-07-03 16:51:00
A9,2025-07-03 16:56:00
A9,2025-07-03 22:06:00
A9,2025-07-03 23:31:00
A9,2025-07-04 00:20:00
A9,2025-07-04 05:23:00
A9,2025-07-04 08:02:00
A9,2025-07-04 08:41:00
A9,2025-07-04 09:34:00
A9,2025-07-04 10:41:00
A9,2025-07-04 13:30:00
A9,2025-07-04 15:22:00
A9,2025-07-04 15:35:00
A9,2025-07-04 16:38:00
A9,2025-07-04 17:31:00
A9,2025-07-04 18:08:00
A9,2025-07-04 20:34:00
A9,2025-07-04 21:33:00
A9,2025-07-04 21:52:00
A9,2025-07-05 01:09:00
A9,2025-07-05 01:37:00
A9,2025-07-05 03:23:00
A9,2025-07-05 06:34:00
A9,2025-07-05 08:12:00
A9,2025-07-05 10:10:00
A9,2025-07-05 10:38:00
A9,2025-07-05 13:39:00
A9,2025-07-05 14:38:00
A9,2025-07-05 16:24:00
A9,2025-07-05 17:28:00
A9,2025-07-05 19:28:00
A9,2025-07-05 20:57:00
A9,2025-07-05 21:08:00
A9,2025-07-06 02:47:00
A9,2025-07-06 03:06:00
A9,2025-07-06 03:35:00
A9,2025-07-06 04:35:00
A9,2025-07-06 04:59:00
A9,2025-07-06 06:19:00
A9,2025-07-06 07:19:00
A9,2025-07-06 08:15:00
A9,2025-07-06 08:35:00
A9,2025-07-06 09:06:00
